<?xml version="1.0" encoding="utf-8"?>
<install type="module" version="1.0.0">
	<name>Who\'s Online</name>
	<author>Joomla! Project</author>
	<creationDate>July 2004</creationDate>
	<copyright>Copyright (C) 2005 - 2010 Open Source Matters. All rights reserved.</copyright>
	<license>http://www.gnu.org/licenses/gpl-2.0.html GNU/GPL</license>
	<authorEmail>admin@joomla.org</authorEmail>
	<authorUrl>www.joomla.org</authorUrl>
	<version>1.0.0</version>
	<description>DESCWHOSONLINE</description>
	<files>
		<filename module="mod_whosonline">mod_whosonline.php</filename>
	</files>
	<params>
		<param name="cache" type="list" default="0" label="Caching" description="Select whether to cache the content of this module">
			<option value="0">Never</option>
		</param>
		<param name="@spacer" type="spacer" default="" label="" description="" />
		<param name="showmode" type="list" default="0" label="Display" description="Select what shall be shown">
			<option value="0">Number of Guests/Members</option>
			<option value="1">Member Names</option>
			<option value="2">Both</option>
		</param>
		<param name="moduleclass_sfx" type="text" default="" label="Module Class Suffix" description="PARAMMODULECLASSSUFFIX" />
	</params>
</install>
