<?xml version="1.0" encoding="utf-8"?><install type="module" version="1.5.9">	<name>Simple File Upload v1.1</name>	<author>Anders Wasen</author>	<version>1.1</version>	<description>A simple upload module. Will allow a user to upload a file to the given folder fetched from the parameter settings.</description>	<files>		<filename module="mod_simplefileuploadv1.1">mod_simplefileuploadv1.1.php</filename>		<filename>index.html</filename>		<filename>helper.php</filename>		<filename>mod_simplefileupload.css</filename>		<filename>tmpl/index.html</filename>		<filename>tmpl/default.php</filename>		<filename>tmpl/arial.ttf</filename>
		<filename>tmpl/sfuieimgfix.php</filename>		<filename>images/button_select.gif</filename>		<filename>images/button_refresh.jpg</filename>		<filename>images/infobox_bg.gif</filename>		<filename>images/bigrotation2.gif</filename>		<filename>elements/donate.php</filename>		<filename>elements/donate.html</filename>		<filename>elements/settings.php</filename>	</files>	<languages>		<language tag="en-GB">en-GB.mod_simplefileuploadv1.1.ini</language>		<language tag="fr-FR">fr-FR.mod_simplefileuploadv1.1.ini</language>		<language tag="sv-SV">sv-SV.mod_simplefileuploadv1.1.ini</language>		<language tag="de-DE">de-DE.mod_simplefileuploadv1.1.ini</language>		<language tag="it-IT">it-IT.mod_simplefileuploadv1.1.ini</language>	</languages>	<params addpath="/modules/mod_simplefileuploadv1.1/elements">		<param name="upload_location" type="text" default="./images/" label="Default Upload Location" description="This is the folder where uploaded files are placed if there are no user directories given below" />		<param name="upload_maxsize" type="text" default="100000" label="Max. Upload Size (bytes)" description="This is the maximum allowed upload file size in bytes" />		<param name="upload_bgcolor" type="text" default="#e8edf1" label="Pop-up background color" description="The background color of the information pop-up" />		<param name="upload_capthca" type="radio" default="0" label="Use Captcha" description="Force the user to add a Captcha code to be able to upload.">			<option value="0">No</option>			<option value="1">Yes</option>		</param>		<param name="upload_multi" type="radio" default="0" label="Allow multiple upload" description="Allow user to add files dymamically and upload at the same time.">			<option value="0">No</option>			<option value="1">Yes</option>		</param>
		<param name="upload_email" type="text" default="" label="Send e-mail at upload" description="If you want an e-mail confirmation sent out when there is a new upload enter the e-mail address here (use comma between addresses to add more than one). Leave it blank to not send e-mail." />		<param name="upload_emailmsg" type="radio" default="0" label="Show 'message sent' to user" description="Write 'message sent' on pop-up so user knows Admin has been notified.">			<option value="0">No</option>			<option value="1">Yes</option>		</param>		<param name="@spacer" type="spacer" default="" label="" description="" />		<param name="upload_fileexist" type="radio" default="2" label="If file exist" description="Operation to take incase the uploaded file already exists. Backup - Copies to old file with a new name (adds date); Replace - Removes the existing file; Fail - Notify user the upload failed due to existing file.">			<option value="2">Backup</option>			<option value="1">Replace</option>			<option value="0">Fail</option>		</param>		<param name="@spacer" type="spacer" default="" label="" description="" />		<param name="upload_filetypes" type="text" default="image/gif;image/jpeg;image/pjpeg;image/png" label="Allowed filetypes (separate by semi-colon). Asterisk (*) allows any type." description="This is a list of allowed filetypes (separated by semi-colon). Put a [*] (asterisk) to allow any type." />		<!--param name="upload_users" type="text" default="" label="Allowed users by username (separated by semi-colon)." description="This is a list of users allowed to upload files." /-->		<param name="settingids" type="settings" default="" label="Allowed users" description="This is a list of users allowed to upload files." /> 			<param name="@spacer" type="spacer" default="" label="" description="" />		<param name="moduleclass_sfx" type="text" default="" label="Module Class Suffix" description="Module Class Suffix" /> 		<param name="@spacer" type="spacer" default="" label="" description="" />		<param name="" type="donate" default="" label="" description="" />		</params></install>